3567|"in.jobletter.backend.jobespresso.net"|"2014-02-10T18:20:10Z"|"2014-02-10T18:25:09Z"
3568|"hu.backend.jobespresso.net"|"2014-02-10T23:13:23Z"|"2014-02-10T23:17:58Z"
3569|"hu.frontend.jobespresso.net"|"2014-02-10T23:16:23Z"|"2014-02-10T23:18:07Z"
3570|"au.backend.jobespresso.net"|"2014-02-10T23:31:54Z"|"2014-02-10T23:36:16Z"
3571|"ar.backend.jobespresso.net"|"2014-02-10T23:41:09Z"|"2014-02-10T23:44:19Z"
3572|"ar.frontend.jobespresso.net"|"2014-02-10T23:43:09Z"|"2014-02-10T23:44:18Z"
3573|"pl.jobletter.frontend.jobespresso.net"|"2014-02-11T02:17:46Z"|"2014-02-11T02:22:20Z"
3574|"fr.jobletter.frontend.jobespresso.net"|"2014-02-11T02:18:26Z"|"2014-02-11T02:24:38Z"
3575|"mx.backend.jobespresso.net"|"2014-02-11T06:18:45Z"|"2014-02-11T06:23:13Z"
3576|"mx.frontend.jobespresso.net"|"2014-02-11T06:18:50Z"|"2014-02-11T06:23:09Z"
3577|"pl.01.backend.jobespresso.net"|"2014-02-11T07:06:59Z"|"2014-02-11T07:11:33Z"
3578|"us.master.backend.jobespresso.net"|"2014-02-11T08:29:57Z"|"2014-02-11T08:47:50Z"
3579|"us.master.frontend.jobespresso.net"|"2014-02-11T08:29:42Z"|"2014-02-11T08:48:20Z"
3580|"za.backend.jobespresso.net"|"2014-02-11T11:15:52Z"|"2014-02-11T12:00:32Z"
3581|"za.frontend.jobespresso.net"|"2014-02-11T11:17:24Z"|"2014-02-11T12:01:10Z"
3582|"ru.frontend.jobespresso.net"|"2014-02-11T11:33:56Z"|"2014-02-11T11:54:39Z"
3583|"ru.backend.jobespresso.net"|"2014-02-11T11:47:26Z"|"2014-02-11T11:56:50Z"
3584|"ar.backend.jobespresso.net"|"2014-02-11T11:51:03Z"|"2014-02-11T12:20:20Z"
3585|"ar.frontend.jobespresso.net"|"2014-02-11T11:54:10Z"|"2014-02-11T12:19:49Z"
3586|"ro.backend.jobespresso.net"|"2014-02-11T12:48:19Z"|"2014-02-11T12:57:40Z"
3587|"ro.frontend.jobespresso.net"|"2014-02-11T12:50:56Z"|"2014-02-11T12:58:29Z"
3588|"ro.frontend.jobespresso.net"|"2014-02-11T12:51:55Z"|"2014-02-11T12:54:39Z"
3589|"pl.02.backend.jobespresso.net"|"2014-02-11T14:12:20Z"|"2014-02-11T14:17:11Z"
3590|"za.backend.jobespresso.net"|"2014-02-11T15:14:46Z"|"2014-02-11T15:31:19Z"
3591|"it.jobletter.backend.jobespresso.net"|"2014-02-11T15:14:46Z"|"2014-02-11T15:52:40Z"
3592|"za.frontend.jobespresso.net"|"2014-02-11T15:14:46Z"|"2014-02-11T15:28:59Z"
3593|"it.jobletter.frontend.jobespresso.net"|"2014-02-11T15:33:27Z"|"2014-02-11T15:51:11Z"
3594|"ng.backend.jobespresso.net"|"2014-02-11T15:33:27Z"|"2014-02-11T15:37:41Z"
3595|"ng.frontend.jobespresso.net"|"2014-02-11T15:34:45Z"|"2014-02-11T15:36:20Z"
3596|"in.jobletter.backend.jobespresso.net"|"2014-02-11T18:20:49Z"|"2014-02-11T18:24:59Z"
3597|"uk.jobletter.backend.jobespresso.net"|"2014-02-11T20:01:14Z"|"2014-02-11T20:05:40Z"
3598|"uk.jobletter.frontend.jobespresso.net"|"2014-02-11T20:04:48Z"|"2014-02-11T20:05:47Z"
3599|"ru.backend.jobespresso.net"|"2014-02-11T20:16:19Z"|"2014-02-11T20:20:40Z"
3600|"ae.backend.jobespresso.net"|"2014-02-11T20:17:24Z"|"2014-02-11T20:21:38Z"
3601|"ae.frontend.jobespresso.net"|"2014-02-11T20:20:36Z"|"2014-02-11T20:21:43Z"
3602|"ru.frontend.jobespresso.net"|"2014-02-11T20:20:40Z"|"2014-02-11T20:21:52Z"
3603|"ca.backend.jobespresso.net"|"2014-02-11T20:43:30Z"|"2014-02-11T20:46:01Z"
3604|"ca.frontend.jobespresso.net"|"2014-02-11T20:45:51Z"|"2014-02-11T20:45:55Z"
3605|"za.backend.jobespresso.net"|"2014-02-11T20:52:07Z"|"2014-02-11T20:54:57Z"
3606|"in.jobrapido.com"|"2014-02-11T21:28:31Z"|"2014-02-11T21:44:31Z"
3607|"in.master.frontend.jobespresso.net"|"2014-02-11T21:28:31Z"|"2014-02-11T21:44:30Z"
3608|"in.master.backend.jobespresso.net"|"2014-02-11T21:34:06Z"|"2014-02-11T21:47:30Z"
3609|"in.master.frontend.jobespresso.net"|"2014-02-11T21:34:05Z"|"2014-02-11T21:45:09Z"
3610|"in.01.frontend.jobespresso.net"|"2014-02-11T21:35:14Z"|"2014-02-11T21:42:20Z"
3611|"in.jobletter.frontend.jobespresso.net"|"2014-02-11T21:38:51Z"|"2014-02-11T21:44:09Z"
3612|"in.02.frontend.jobespresso.net"|"2014-02-11T21:38:51Z"|"2014-02-11T21:44:19Z"
3613|"in.jobletter.backend.jobespresso.net"|"2014-02-11T21:58:38Z"|"2014-02-11T22:01:11Z"
3614|"in.jobletter.frontend.jobespresso.net"|"2014-02-11T22:01:33Z"|"2014-02-11T22:01:37Z"
3615|"ch.backend.jobespresso.net"|"2014-02-11T23:12:13Z"|"2014-02-11T23:15:45Z"
3616|"ch.frontend.jobespresso.net"|"2014-02-11T23:15:03Z"|"2014-02-11T23:15:50Z"
3617|"in.02.backend.jobespresso.net"|"2014-02-11T23:45:04Z"|"2014-02-11T23:49:53Z"
3618|"in.02.frontend.jobespresso.net"|"2014-02-11T23:49:22Z"|"2014-02-11T23:49:58Z"
3619|"in.01.backend.jobespresso.net"|"2014-02-11T23:54:35Z"|"2014-02-12T00:02:27Z"
3620|"in.01.frontend.jobespresso.net"|"2014-02-12T00:00:51Z"|"2014-02-12T00:02:20Z"
3621|"pl.jobletter.frontend.jobespresso.net"|"2014-02-12T02:22:35Z"|"2014-02-12T02:26:44Z"
3622|"es.jobletter.backend.jobespresso.net"|"2014-02-12T05:24:11Z"|"2014-02-12T05:29:47Z"
3623|"es.jobletter.frontend.jobespresso.net"|"2014-02-12T05:27:28Z"|"2014-02-12T05:29:42Z"
3624|"mx.backend.jobespresso.net"|"2014-02-12T06:15:54Z"|"2014-02-12T06:19:41Z"
3625|"mx.frontend.jobespresso.net"|"2014-02-12T06:18:37Z"|"2014-02-12T06:19:41Z"
3626|"us.jobletter.backend.jobespresso.net"|"2014-02-12T08:22:48Z"|"2014-02-12T08:26:20Z"
3627|"us.jobletter.frontend.jobespresso.net"|"2014-02-12T08:22:48Z"|"2014-02-12T08:27:12Z"
3628|"us.master.backend.jobespresso.net"|"2014-02-12T09:15:33Z"|"2014-02-12T09:34:52Z"
3629|"us.master.frontend.jobespresso.net"|"2014-02-12T09:22:54Z"|"2014-02-12T09:34:21Z"
3630|"ru.backend.jobespresso.net"|"2014-02-12T11:31:54Z"|"2014-02-12T11:45:54Z"
3631|"za.frontend.jobespresso.net"|"2014-02-12T11:40:32Z"|"2014-02-12T11:47:13Z"
3632|"uk.jobletter.backend.jobespresso.net"|"2014-02-12T16:10:32Z"|"2014-02-12T16:25:24Z"
3633|"us.01.backend.jobespresso.net"|"2014-02-12T16:30:57Z"|"2014-02-12T16:46:49Z"
3634|"uk.jobletter.frontend.jobespresso.net"|"2014-02-12T16:12:35Z"|"2014-02-12T16:23:45Z"
3635|"us.01.frontend.jobespresso.net"|"2014-02-12T16:30:57Z"|"2014-02-12T16:46:50Z"
3636|"ca.backend.jobespresso.net"|"2014-02-12T16:30:57Z"|"2014-02-12T16:37:22Z"
3637|"ca.frontend.jobespresso.net"|"2014-02-12T16:35:30Z"|"2014-02-12T16:37:02Z"
3638|"kr.frontend.jobespresso.net"|"2014-02-12T18:07:13Z"|"2014-02-12T18:23:09Z"
3639|"kr.backend.jobespresso.net"|"2014-02-12T18:07:13Z"|"2014-02-12T18:22:11Z"
3640|"kr.frontend.jobespresso.net"|"2014-02-12T18:07:13Z"|"2014-02-12T18:20:37Z"
3641|"uk.02.backend.jobespresso.net"|"2014-02-12T21:54:49Z"|"2014-02-12T22:01:07Z"
3642|"au.backend.jobespresso.net"|"2014-02-12T23:12:11Z"|"2014-02-12T23:16:29Z"
3643|"au.frontend.jobespresso.net"|"2014-02-12T23:15:27Z"|"2014-02-12T23:16:37Z"
3644|"ar.frontend.jobespresso.net"|"2014-02-12T23:22:21Z"|"2014-02-13T00:03:10Z"
3645|"ar.backend.jobespresso.net"|"2014-02-12T23:22:21Z"|"2014-02-13T00:02:48Z"
3646|"ec.backend.jobespresso.net"|"2014-02-12T23:53:08Z"|"2014-02-13T00:29:28Z"
3647|"ec.frontend.jobespresso.net"|"2014-02-12T23:53:08Z"|"2014-02-13T00:28:20Z"
3648|"ec.frontend.jobespresso.net"|"2014-02-12T23:53:08Z"|"2014-02-13T00:35:28Z"
3649|"hu.backend.jobespresso.net"|"2014-02-13T00:12:17Z"|"2014-02-13T00:17:23Z"
3650|"it.jobletter.backend.jobespresso.net"|"2014-02-13T00:16:11Z"|"2014-02-13T00:23:28Z"
3651|"pl.jobletter.frontend.jobespresso.net"|"2014-02-13T02:24:50Z"|"2014-02-13T02:30:00Z"
3652|"de.jobletter.backend.jobespresso.net"|"2014-02-13T04:19:24Z"|"2014-02-13T04:24:59Z"
3653|"de.jobletter.frontend.jobespresso.net"|"2014-02-13T04:19:51Z"|"2014-02-13T04:25:03Z"
3654|"it.master.backend.jobespresso.net"|"2014-02-13T07:22:32Z"|"2014-02-13T07:46:42Z"
3655|"it.jobrapido.com"|"2014-02-13T07:22:32Z"|"2014-02-13T07:39:13Z"
3656|"it.02.frontend.jobespresso.net"|"2014-02-13T07:22:32Z"|"2014-02-13T07:33:54Z"
3657|"it.03.frontend.jobespresso.net"|"2014-02-13T07:22:32Z"|"2014-02-13T07:33:56Z"
3658|"it.05.frontend.jobespresso.net"|"2014-02-13T07:22:32Z"|"2014-02-13T07:33:57Z"
3659|"it.master.frontend.jobespresso.net"|"2014-02-13T07:22:32Z"|"2014-02-13T07:46:09Z"
3660|"it.master.frontend.jobespresso.net"|"2014-02-13T07:22:32Z"|"2014-02-13T07:35:12Z"
3661|"it.jobletter.frontend.jobespresso.net"|"2014-02-13T07:20:17Z"|"2014-02-13T07:35:17Z"
3662|"it.01.frontend.jobespresso.net"|"2014-02-13T07:20:17Z"|"2014-02-13T07:32:57Z"
3663|"it.04.frontend.jobespresso.net"|"2014-02-13T07:20:17Z"|"2014-02-13T07:32:52Z"
3664|"fr.01.backend.jobespresso.net"|"2014-02-13T07:53:34Z"|"2014-02-13T08:02:33Z"
3665|"fr.02.backend.jobespresso.net"|"2014-02-13T07:53:34Z"|"2014-02-13T08:13:06Z"
3666|"fr.01.frontend.jobespresso.net"|"2014-02-13T07:53:33Z"|"2014-02-13T08:02:06Z"
3667|"fr.jobletter.frontend.jobespresso.net"|"2014-02-13T07:53:33Z"|"2014-02-13T08:14:25Z"
3668|"fr.master.frontend.jobespresso.net"|"2014-02-13T07:51:19Z"|"2014-02-13T08:03:12Z"
3669|"fr.jobrapido.com"|"2014-02-13T07:51:19Z"|"2014-02-13T08:12:06Z"
3670|"fr.master.frontend.jobespresso.net"|"2014-02-13T07:51:19Z"|"2014-02-13T08:03:17Z"
3671|"fr.02.frontend.jobespresso.net"|"2014-02-13T07:51:19Z"|"2014-02-13T08:13:06Z"
3672|"fr.jobletter.backend.jobespresso.net"|"2014-02-13T07:49:56Z"|"2014-02-13T08:16:32Z"
3673|"fr.master.backend.jobespresso.net"|"2014-02-13T07:49:56Z"|"2014-02-13T08:07:06Z"
3674|"fr.01.backend.jobespresso.net"|"2014-02-13T12:32:03Z"|"2014-02-13T13:28:24Z"
3675|"us.master.backend.jobespresso.net"|"2014-02-13T09:15:05Z"|"2014-02-13T09:19:53Z"
3676|"us.master.frontend.jobespresso.net"|"2014-02-13T09:20:46Z"|"2014-02-13T09:27:13Z"
3677|"us.master.backend.jobespresso.net"|"2014-02-13T12:49:22Z"|"2014-02-13T13:07:04Z"
3678|"us.master.frontend.jobespresso.net"|"2014-02-13T12:49:22Z"|"2014-02-13T13:08:12Z"
3679|"br.jobletter.backend.jobespresso.net"|"2014-02-13T14:16:28Z"|"2014-02-13T14:21:18Z"
3680|"fr.01.backend.jobespresso.net"|"2014-02-13T15:13:00Z"|"2014-02-13T15:27:33Z"
3681|"ca.backend.jobespresso.net"|"2014-02-13T15:13:00Z"|"2014-02-13T15:13:21Z"
3682|"it.jobletter.backend.jobespresso.net"|"2014-02-13T15:13:00Z"|"2014-02-13T15:13:09Z"
3683|"fr.01.frontend.jobespresso.net"|"2014-02-13T15:13:00Z"|"2014-02-13T15:29:06Z"
3684|"it.jobletter.frontend.jobespresso.net"|"2014-02-13T15:13:00Z"|"2014-02-13T15:15:43Z"
3685|"uk.jobletter.backend.jobespresso.net"|"2014-02-13T16:00:24Z"|"2014-02-13T16:05:26Z"
3686|"uk.jobletter.frontend.jobespresso.net"|"2014-02-13T16:00:24Z"|"2014-02-13T16:03:44Z"
3687|"us.master.backend.jobespresso.net"|"2014-02-13T16:38:13Z"|"2014-02-13T16:41:52Z"
3688|"za.backend.jobespresso.net"|"2014-02-13T16:38:13Z"|"2014-02-13T16:47:51Z"
3689|"za.frontend.jobespresso.net"|"2014-02-13T16:44:43Z"|"2014-02-13T16:47:28Z"
3690|"us.master.frontend.jobespresso.net"|"2014-02-13T16:40:15Z"|"2014-02-13T16:42:25Z"
3691|"in.master.backend.jobespresso.net"|"2014-02-13T16:45:21Z"|"2014-02-13T17:14:37Z"
3692|"in.01.backend.jobespresso.net"|"2014-02-13T16:46:20Z"|"2014-02-13T17:15:04Z"
3693|"in.01.frontend.jobespresso.net"|"2014-02-13T16:48:25Z"|"2014-02-13T17:17:24Z"
3694|"in.master.frontend.jobespresso.net"|"2014-02-13T16:48:25Z"|"2014-02-13T17:14:33Z"
3695|"in.jobletter.backend.jobespresso.net"|"2014-02-13T16:48:54Z"|"2014-02-13T17:18:06Z"
3696|"in.02.frontend.jobespresso.net"|"2014-02-13T16:49:48Z"|"2014-02-13T17:18:24Z"
3697|"in.02.backend.jobespresso.net"|"2014-02-13T16:49:48Z"|"2014-02-13T17:18:32Z"
3698|"in.jobrapido.com"|"2014-02-13T16:49:48Z"|"2014-02-13T17:18:37Z"
3699|"in.jobletter.frontend.jobespresso.net"|"2014-02-13T16:50:31Z"|"2014-02-13T17:16:14Z"
3700|"ca.backend.jobespresso.net"|"2014-02-13T17:25:02Z"|"2014-02-13T17:33:21Z"
3701|"ca.frontend.jobespresso.net"|"2014-02-13T17:25:15Z"|"2014-02-13T17:34:11Z"
3702|"it.jobletter.backend.jobespresso.net"|"2014-02-13T17:39:19Z"|"2014-02-13T17:44:41Z"
3703|"it.jobletter.frontend.jobespresso.net"|"2014-02-13T17:42:40Z"|"2014-02-13T17:44:12Z"
3704|"us.jobletter.backend.jobespresso.net"|"2014-02-13T18:04:12Z"|"2014-02-13T18:10:30Z"
3705|"ae.backend.jobespresso.net"|"2014-02-13T20:17:06Z"|"2014-02-13T20:19:33Z"
3706|"ru.backend.jobespresso.net"|"2014-02-13T20:18:46Z"|"2014-02-13T20:22:18Z"
3707|"ru.frontend.jobespresso.net"|"2014-02-13T20:20:15Z"|"2014-02-13T20:22:23Z"
3708|"de.01.backend.jobespresso.net"|"2014-02-13T23:24:19Z"|"2014-02-13T23:48:05Z"
3709|"de.01.frontend.jobespresso.net"|"2014-02-13T23:24:19Z"|"2014-02-13T23:47:45Z"
3710|"de.01.frontend.jobespresso.net"|"2014-02-13T23:24:19Z"|"2014-02-13T23:47:16Z"
3711|"au.backend.jobespresso.net"|"2014-02-13T23:31:01Z"|"2014-02-13T23:37:47Z"
3712|"au.frontend.jobespresso.net"|"2014-02-13T23:35:33Z"|"2014-02-13T23:37:44Z"
3713|"ie.backend.jobespresso.net"|"2014-02-14T00:14:48Z"|"2014-02-14T00:22:38Z"
3714|"ie.frontend.jobespresso.net"|"2014-02-14T00:18:54Z"|"2014-02-14T00:22:37Z"
3715|"at.frontend.jobespresso.net"|"2014-02-14T02:20:49Z"|"2014-02-14T02:23:50Z"
3716|"es.jobletter.frontend.jobespresso.net"|"2014-02-14T05:03:58Z"|"2014-02-14T05:08:57Z"
3717|"br.master.frontend.jobespresso.net"|"2014-02-14T06:18:13Z"|"2014-02-14T06:26:38Z"
3718|"br.backend.jobespresso.net"|"2014-02-14T06:22:53Z"|"2014-02-14T06:26:32Z"
3719|"br.master.backend.jobespresso.net"|"2014-02-14T06:22:57Z"|"2014-02-14T06:26:23Z"
3720|"us.master.frontend.jobespresso.net"|"2014-02-14T08:42:54Z"|"2014-02-14T08:44:17Z"
3721|"us.master.backend.jobespresso.net"|"2014-02-14T08:42:54Z"|"2014-02-14T08:51:57Z"
3722|"ec.frontend.jobespresso.net"|"2014-02-14T09:29:04Z"|"2014-02-14T10:10:06Z"
3723|"in.02.backend.jobespresso.net"|"2014-02-14T10:29:47Z"|"2014-02-14T10:38:38Z"
3724|"in.master.backend.jobespresso.net"|"2014-02-14T10:29:47Z"|"2014-02-14T10:38:39Z"
3725|"in.01.backend.jobespresso.net"|"2014-02-14T10:29:47Z"|"2014-02-14T10:40:07Z"
3726|"in.01.frontend.jobespresso.net"|"2014-02-14T10:29:47Z"|"2014-02-14T10:37:24Z"
3727|"in.master.frontend.jobespresso.net"|"2014-02-14T10:29:47Z"|"2014-02-14T10:37:32Z"
3728|"in.jobrapido.com"|"2014-02-14T10:29:47Z"|"2014-02-14T10:37:36Z"
3729|"in.02.frontend.jobespresso.net"|"2014-02-14T10:29:46Z"|"2014-02-14T10:38:23Z"
3730|"br.01.backend.jobespresso.net"|"2014-02-14T10:53:28Z"|"2014-02-14T11:03:19Z"
3731|"br.frontend.jobespresso.net"|"2014-02-14T10:53:40Z"|"2014-02-14T10:55:49Z"
3732|"br.jobrapido.com"|"2014-02-14T10:53:41Z"|"2014-02-14T10:55:50Z"
3733|"fr.02.backend.jobespresso.net"|"2014-02-14T10:56:29Z"|"2014-02-14T11:01:28Z"
3734|"rabbitmqcloud"|"2014-02-14T11:13:18Z"|"2014-02-14T12:43:25Z"
3735|"br.frontend.jobespresso.net"|"2014-02-14T11:29:10Z"|"2014-02-14T13:04:40Z"
3736|"br.jobrapido.com"|"2014-02-14T11:29:10Z"|"2014-02-14T13:04:40Z"
3737|"us.01.backend.jobespresso.net"|"2014-02-14T11:29:10Z"|"2014-02-14T11:57:49Z"
3738|"us.01.frontend.jobespresso.net"|"2014-02-14T11:29:10Z"|"2014-02-14T12:40:48Z"
3739|"us.master.frontend.jobespresso.net"|"2014-02-14T12:13:01Z"|"2014-02-14T12:33:40Z"
3740|"ru.backend.jobespresso.net"|"2014-02-14T12:02:20Z"|"2014-02-14T12:07:08Z"
3741|"us.jobrapido.com"|"2014-02-14T12:13:01Z"|"2014-02-14T12:37:40Z"
3742|"us.master.backend.jobespresso.net"|"2014-02-14T13:23:36Z"|"2014-02-14T13:45:20Z"
3743|"us.master.frontend.jobespresso.net"|"2014-02-14T13:23:36Z"|"2014-02-14T13:44:40Z"
3744|"us.jobletter.backend.jobespresso.net"|"2014-02-14T14:24:11Z"|"2014-02-14T14:28:24Z"
3745|"us.jobletter.frontend.jobespresso.net"|"2014-02-14T14:26:06Z"|"2014-02-14T14:28:16Z"
3746|"de.01.backend.jobespresso.net"|"2014-02-14T14:50:01Z"|"2014-02-14T15:03:28Z"
3747|"de.01.frontend.jobespresso.net"|"2014-02-14T14:50:59Z"|"2014-02-14T15:05:09Z"
3748|"de.jobrapido.com"|"2014-02-14T14:50:59Z"|"2014-02-14T14:52:44Z"
3749|"es.jobletter.backend.jobespresso.net"|"2014-02-14T18:10:44Z"|"2014-02-14T18:15:36Z"
3750|"ua.backend.jobespresso.net"|"2014-02-14T20:24:21Z"|"2014-02-14T21:28:00Z"
3751|"ua.frontend.jobespresso.net"|"2014-02-14T20:24:21Z"|"2014-02-14T21:33:00Z"
3752|"ae.backend.jobespresso.net"|"2014-02-14T20:16:07Z"|"2014-02-14T20:21:12Z"
3753|"ua.frontend.jobespresso.net"|"2014-02-14T20:24:20Z"|"2014-02-14T21:31:28Z"
3754|"ae.frontend.jobespresso.net"|"2014-02-14T20:20:20Z"|"2014-02-14T20:21:05Z"
3755|"in.jobrapido.com"|"2014-02-14T21:27:05Z"|"2014-02-14T21:49:01Z"
3756|"in.master.frontend.jobespresso.net"|"2014-02-14T21:27:05Z"|"2014-02-14T21:36:59Z"
3757|"in.master.backend.jobespresso.net"|"2014-02-14T21:35:27Z"|"2014-02-14T21:38:35Z"
3758|"in.jobletter.backend.jobespresso.net"|"2014-02-14T21:41:59Z"|"2014-02-14T21:45:29Z"
3759|"in.jobletter.frontend.jobespresso.net"|"2014-02-14T21:42:04Z"|"2014-02-14T21:45:39Z"
3760|"at.frontend.jobespresso.net"|"2014-02-15T02:16:37Z"|"2014-02-15T02:19:24Z"
3761|"es.jobletter.backend.jobespresso.net"|"2014-02-15T04:51:24Z"|"2014-02-15T04:55:39Z"
3762|"br.backend.jobespresso.net"|"2014-02-15T06:18:09Z"|"2014-02-15T06:24:58Z"
3763|"br.master.backend.jobespresso.net"|"2014-02-15T06:18:16Z"|"2014-02-15T06:24:55Z"
3764|"br.master.frontend.jobespresso.net"|"2014-02-15T06:22:23Z"|"2014-02-15T06:24:50Z"
3765|"us.jobletter.backend.jobespresso.net"|"2014-02-15T06:28:53Z"|"2014-02-15T06:32:53Z"
3766|"us.jobletter.frontend.jobespresso.net"|"2014-02-15T06:31:34Z"|"2014-02-15T06:32:57Z"
3767|"br.jobletter.backend.jobespresso.net"|"2014-02-15T11:03:11Z"|"2014-02-15T11:06:05Z"
3768|"us.jobletter.backend.jobespresso.net"|"2014-02-15T12:59:54Z"|"2014-02-15T13:04:02Z"
3769|"us.jobletter.frontend.jobespresso.net"|"2014-02-15T13:01:49Z"|"2014-02-15T13:04:06Z"
3770|"de.01.backend.jobespresso.net"|"2014-02-15T15:26:06Z"|"2014-02-15T15:28:04Z"
3771|"de.01.frontend.jobespresso.net"|"2014-02-15T15:26:06Z"|"2014-02-15T15:28:16Z"
3772|"de.01.frontend.jobespresso.net"|"2014-02-15T15:26:06Z"|"2014-02-15T15:30:45Z"
3773|"nz.backend.jobespresso.net"|"2014-02-15T19:47:07Z"|"2014-02-15T20:16:44Z"
3774|"nz.frontend.jobespresso.net"|"2014-02-15T19:47:06Z"|"2014-02-15T20:11:55Z"
3775|"nz.frontend.jobespresso.net"|"2014-02-15T19:49:34Z"|"2014-02-15T20:13:05Z"
3776|"us.jobletter.backend.jobespresso.net"|"2014-02-15T23:50:36Z"|"2014-02-15T23:55:36Z"
3777|"us.jobletter.frontend.jobespresso.net"|"2014-02-15T23:31:38Z"|"2014-02-15T23:49:14Z"
3778|"es.jobletter.backend.jobespresso.net"|"2014-02-16T04:39:22Z"|"2014-02-16T04:46:15Z"
3779|"sa.backend.jobespresso.net"|"2014-02-16T07:19:48Z"|"2014-02-16T07:44:38Z"
3780|"sa.frontend.jobespresso.net"|"2014-02-16T07:19:48Z"|"2014-02-16T07:39:41Z"
3781|"sa.frontend.jobespresso.net"|"2014-02-16T07:19:48Z"|"2014-02-16T07:43:13Z"
3782|"de.master.backend.jobespresso.net"|"2014-02-16T08:00:30Z"|"2014-02-16T08:19:33Z"
3783|"de.jobletter.frontend.jobespresso.net"|"2014-02-16T08:00:30Z"|"2014-02-16T08:12:26Z"
3784|"de.01.backend.jobespresso.net"|"2014-02-16T08:01:21Z"|"2014-02-16T08:28:06Z"
3785|"de.master.frontend.jobespresso.net"|"2014-02-16T08:00:30Z"|"2014-02-16T08:13:46Z"
3786|"de.01.frontend.jobespresso.net"|"2014-02-16T08:01:21Z"|"2014-02-16T08:28:46Z"
3787|"de.jobrapido.com"|"2014-02-16T08:00:30Z"|"2014-02-16T08:28:46Z"
3788|"de.02.backend.jobespresso.net"|"2014-02-16T08:00:30Z"|"2014-02-16T08:29:34Z"
3789|"de.master.frontend.jobespresso.net"|"2014-02-16T08:00:30Z"|"2014-02-16T08:16:55Z"
3790|"de.02.frontend.jobespresso.net"|"2014-02-16T08:01:21Z"|"2014-02-16T08:29:34Z"
3791|"br.jobletter.backend.jobespresso.net"|"2014-02-16T10:13:47Z"|"2014-02-16T10:18:54Z"
3792|"us.jobletter.backend.jobespresso.net"|"2014-02-16T11:29:36Z"|"2014-02-16T11:35:00Z"
3793|"us.jobletter.frontend.jobespresso.net"|"2014-02-16T11:31:54Z"|"2014-02-16T11:35:06Z"
3794|"us.jobletter.backend.jobespresso.net"|"2014-02-16T12:59:00Z"|"2014-02-16T13:07:11Z"
3795|"us.jobletter.frontend.jobespresso.net"|"2014-02-16T13:02:23Z"|"2014-02-16T13:07:14Z"
3796|"rabbitmqcloud"|"2014-02-16T17:30:51Z"|"2014-02-16T18:12:26Z"
3797|"fr.jobletter.backend.jobespresso.net"|"2014-02-17T02:36:58Z"|"2014-02-17T02:41:46Z"
3798|"fr.jobletter.frontend.jobespresso.net"|"2014-02-17T02:37:03Z"|"2014-02-17T02:41:52Z"
3799|"at.frontend.jobespresso.net"|"2014-02-17T02:42:45Z"|"2014-02-17T02:43:51Z"
3800|"br.backend.jobespresso.net"|"2014-02-17T06:18:01Z"|"2014-02-17T06:22:26Z"
3801|"br.master.backend.jobespresso.net"|"2014-02-17T06:18:11Z"|"2014-02-17T06:22:22Z"
3802|"br.master.frontend.jobespresso.net"|"2014-02-17T06:18:51Z"|"2014-02-17T06:22:10Z"
3803|"za.frontend.jobespresso.net"|"2014-02-17T07:34:05Z"|"2014-02-17T07:40:22Z"
3804|"us.jobletter.frontend.jobespresso.net"|"2014-02-17T08:50:39Z"|"2014-02-17T09:11:30Z"
3805|"uk.02.backend.jobespresso.net"|"2014-02-17T09:30:09Z"|"2014-02-17T09:34:54Z"
3806|"fr.master.frontend.jobespresso.net"|"2014-02-17T09:38:53Z"|"2014-02-17T09:53:14Z"
3807|"uk.jobrapido.com"|"2014-02-17T09:39:21Z"|"2014-02-17T10:08:42Z"
